Time[s],  PINB 2,  PINB 0, PINA 7
-0.012501375, 0, 1, 0
0.000000000, 1, 1, 0
0.000010250, 1, 0, 0
0.000020125, 0, 0, 0
0.000021000, 0, 1, 0
0.000028625, 0, 0, 0
0.000037875, 1, 0, 0
0.000047375, 0, 0, 1
0.000057250, 1, 0, 0
0.000066625, 0, 0, 0
